"TRANSACTION_ID","TRANSACTION_DATE","O_DISCOUNT","O_QUANTITY","CLEAN_PRODUCT_ID","CLEAN_STORE_ID"
106497,"6/19/2025",20,0,"P_045","101"
106497,"6/19/2025",150,3,"P_028","106"
109569,"1/31/2026",10,4,,"103"
100354,"2026/13/40",15,2,"P_027","107"
101634,"7/16/2024",5,2,,"101"
106754,"6/10/2025",150,2,"P_043","102"
108802,"11/12/2025",20,0,"P_013","106"
110338,"3/9/2026",150,5,"P_008","103"
110338,"3/9/2026",0,3,,"108"
100867,"5/22/2024",150,2,"P_008","105"
103683,"12/28/2024",150,2,"P_041","104"
108291,"2026/13/40",10,1,"P_037","105"
108803,"11/2/2025",20,2,"P_001",
100100,"2026/13/40",5,3,"P_003","106"
101124,"6/22/2024",0,3,,"102"
101380,"6/10/2024",5,2,,"106"
102404,"9/16/2024",10,5,"P_047",
105476,"3/7/2025",10,2,,"106"
105988,"5/26/2025",15,2,,"108"
109316,"12/16/2025",10,1,,"108"
109572,"1/2/2026",10,0,"P_016","107"
101893,"8/16/2024",0,1,"P_033",
108549,"11/24/2025",20,2,,"106"
108806,"11/24/2025",10,5,"P_043",
100103,"4/22/2024",10,5,,"102"
101127,"6/21/2024",10,0,"P_023","101"
106247,"5/29/2025",0,0,"P_041","101"
102409,"9/8/2024",10,4,,"106"
105481,"3/2/2025",10,0,"P_041","107"
110345,"3/9/2026",0,1,,"107"
100106,"4/19/2024",10,0,"P_005","103"
100362,"4/5/2024",150,1,"P_044","103"
101130,"6/5/2024",5,5,"P_025",
105482,"3/12/2025",20,0,"P_011","105"
110602,"3/27/2026",15,0,"P_007","106"
102155,"2026/13/40",15,2,"P_025","101"
104203,"1/1/2025",5,4,,"104"
110603,"3/10/2026",0,1,,"102"
105740,"4/2/2025",0,3,,"106"
108556,"11/1/2025",20,0,"P_045","106"
108556,"11/1/2025",15,3,"P_018",
108812,"11/26/2025",20,3,,"106"
109068,"12/14/2025",15,0,"P_021","105"
101389,"6/10/2024",0,5,"P_042",
101901,"8/20/2024",20,3,"P_003",
102925,"2026/13/40",20,4,"P_018","103"
106253,"5/8/2025",5,1,"P_040",
108813,"11/8/2025",15,5,"P_026",
109070,"2026/13/40",5,3,"P_044","104"
100879,"5/5/2024",20,3,"P_028",
103183,"11/19/2024",15,0,"P_019","104"
109583,"1/4/2026",5,5,"P_009","106"
102928,"10/22/2024",0,3,,"102"
109072,"12/17/2025",0,3,,"108"
109328,"1/16/2026",15,0,"P_028","106"
103441,"11/13/2024",150,4,"P_026","106"
103697,"12/17/2024",150,2,"P_008","101"
103953,"2026/13/40",10,3,"P_042","106"
104977,"2/21/2025",20,1,"P_039",
106258,"5/3/2025",5,0,"P_044","108"
109074,"12/10/2025",10,4,,"107"
102419,"9/25/2024",5,1,"P_016",
102932,"10/21/2024",15,0,"P_024","104"
106004,"5/3/2025",5,1,,"107"
102933,"10/8/2024",15,0,"P_016","104"
104213,"2026/13/40",10,1,"P_020","103"
104981,"2/10/2025",0,4,,"104"
103702,"2026/13/40",0,3,"P_045","105"
104214,"2026/13/40",15,2,"P_026","108"
104470,"1/19/2025",5,1,,"105"
105750,"4/25/2025",15,5,"P_043",
106006,"5/9/2025",150,2,"P_004","105"
101911,"8/25/2024",10,5,,"105"
100376,"2026/13/40",10,4,"P_001","105"
100632,"5/20/2024",20,0,"P_008","101"
106521,"6/21/2025",20,3,"P_011",
107801,"9/7/2025",150,1,"P_038","106"
103195,"11/7/2024",10,1,,"104"
104475,"1/15/2025",5,0,"P_006","102"
104987,"2/13/2025",15,0,"P_048","104"
108827,"11/11/2025",15,0,"P_042","108"
102172,"8/16/2024",10,2,"P_030",
109084,"12/21/2025",0,3,"P_010",
100125,"4/22/2024",150,5,"P_033","107"
102685,"10/6/2024",20,3,"P_028",
107805,"9/29/2025",150,3,"P_010","107"
102686,"10/23/2024",0,2,,"101"
105758,"4/26/2025",20,3,"P_006",
107038,"7/28/2025",10,2,,"104"
101919,"8/12/2024",150,5,"P_022","104"
110367,"2026/13/40",15,2,"P_032","107"
107296,"8/25/2025",150,1,"P_045","107"
109344,"1/20/2026",0,2,"P_029",
108321,"10/25/2025",20,2,,"103"
105762,"4/3/2025",10,1,"P_004",
107810,"9/21/2025",0,4,,"106"
100899,"5/1/2024",150,4,"P_049","103"
101155,"2026/13/40",0,3,"P_047","101"
105763,"4/28/2025",20,3,"P_045",
107555,"8/9/2025",15,5,"P_038",
110115,"2/11/2026",150,5,"P_048","105"
103204,"11/22/2024",150,2,"P_027","104"
103716,"12/11/2024",10,2,"P_045",
103972,"2026/13/40",10,1,"P_004","104"
106788,"7/29/2025",150,3,"P_049","101"
101669,"7/3/2024",150,5,"P_004","103"
102949,"10/29/2024",10,2,,"108"
105765,"4/21/2025",5,3,,"103"
106021,"5/12/2025",15,1,,"106"
100134,"4/6/2024",150,2,"P_040","103"
100903,"5/1/2024",10,1,,"105"
101927,"8/14/2024",15,2,,"107"
104999,"2/23/2025",5,4,,"106"
108839,"11/4/2025",5,4,,"101"
101672,"7/3/2024",20,0,"P_029","101"
108328,"2026/13/40",5,5,"P_028","101"
102953,"10/4/2024",150,2,"P_031","106"
108073,"9/29/2025",150,1,"P_035","103"
108329,"10/7/2025",150,2,"P_039","107"
101674,"7/15/2024",0,0,"P_006","102"
102954,"2026/13/40",5,5,"P_002","103"
103978,"12/17/2024",15,0,"P_002","106"
105770,"4/1/2025",20,0,"P_010","101"
108586,"11/11/2025",0,0,"P_039","108"
101675,"7/22/2024",150,2,"P_014","101"
104747,"2/18/2025",5,5,"P_040","102"
105515,"4/6/2025",10,0,"P_036","106"
109355,"1/2/2026",15,1,"P_042","105"
101676,"7/1/2024",10,5,,"104"
108588,"11/13/2025",5,5,"P_004",
100141,"4/12/2024",150,4,"P_037","103"
100653,"5/29/2024",5,3,,"101"
101933,"2026/13/40",0,4,"P_024","105"
110125,"2/6/2026",10,2,,"107"
109614,"1/14/2026",15,4,"P_005","108"
102959,"10/31/2024",20,3,,"107"
105007,"2/18/2025",150,1,"P_002","108"
106031,"5/13/2025",5,0,"P_013","101"
110127,"2/16/2026",15,3,,"108"
100656,"5/10/2024",10,2,"P_003",
101168,"6/12/2024",5,2,,"106"
102960,"10/22/2024",10,3,,"104"
110128,"2/4/2026",5,4,,"106"
101937,"8/6/2024",5,0,"P_031","102"
100402,"2026/13/40",10,2,"P_013","103"
103730,"12/8/2024",20,5,"P_023",
105266,"3/15/2025",0,5,,"108"
106290,"5/4/2025",0,4,,"101"
100403,"4/29/2024",5,4,,"101"
101171,"6/14/2024",15,4,"P_043",
104499,"1/27/2025",20,1,,"101"
104499,"1/27/2025",20,2,"P_050",
108083,"9/2/2025",10,0,"P_018","101"
100660,"5/15/2024",0,4,"P_047",
101428,"7/28/2024",20,5,"P_005",
103476,"11/27/2024",0,5,,"104"
107828,"2026/13/40",20,3,"P_026","108"
101429,"7/22/2024",150,4,"P_001","104"
106037,"2026/13/40",5,1,"P_038","107"
107573,"8/14/2025",0,0,"P_042","102"
109109,"12/7/2025",5,1,"P_019",
101430,"7/31/2024",10,2,,"103"
102710,"10/27/2024",150,3,"P_030","102"
106294,"5/20/2025",0,3,,"104"
107830,"9/29/2025",0,2,"P_044",
108086,"9/1/2025",0,0,"P_020","104"
106551,"6/17/2025",150,3,"P_010","101"
109623,"2026/13/40",20,4,"P_007","101"
106040,"2026/13/40",10,2,"P_030","107"
106808,"7/4/2025",15,1,,"103"
100409,"4/27/2024",0,0,"P_045","107"
106041,"2026/13/40",5,5,"P_015","106"
107065,"7/6/2025",20,1,,"105"
100410,"4/13/2024",0,1,"P_017",
101690,"7/8/2024",15,4,"P_026",
104506,"2026/13/40",15,3,"P_021","107"
108090,"2026/13/40",0,4,"P_023","104"
110394,"3/7/2026",150,4,"P_049","104"
107579,"8/25/2025",0,0,"P_036","103"
108091,"9/5/2025",10,1,"P_003",
108603,"2026/13/40",20,1,"P_042","104"
100156,"4/24/2024",5,3,,"101"
100668,"5/26/2024",20,4,,"108"
101436,"2026/13/40",20,4,"P_048","103"
104508,"1/27/2025",15,0,"P_050","101"
105020,"2026/13/40",0,1,"P_015","103"
109372,"1/28/2026",10,1,,"103"
101693,"7/25/2024",20,4,,"101"
101949,"8/18/2024",15,2,,"108"
108093,"9/26/2025",5,2,,"106"
109373,"2026/13/40",20,3,"P_047","103"
101182,"6/9/2024",15,0,"P_029","103"
100415,"2026/13/40",20,5,"P_037","107"
101183,"2026/13/40",5,2,"P_042","108"
103999,"12/29/2024",5,3,,"105"
105791,"2026/13/40",10,5,"P_020","102"
108352,"10/17/2025",0,0,"P_018","102"
109120,"12/31/2025",20,4,,"108"
110400,"3/30/2026",20,5,,"103"
102209,"8/1/2024",10,3,,"102"
103745,"12/9/2024",20,4,"P_015",
109377,"1/13/2026",5,4,,"106"
103746,"12/2/2024",10,3,,"106"
104258,"1/17/2025",150,3,"P_010","107"
107842,"9/3/2025",10,4,,"103"
104515,"1/17/2025",20,0,"P_005","108"
107587,"8/26/2025",0,3,,"105"
101188,"6/9/2024",5,0,"P_048","105"
101957,"8/6/2024",10,4,,"108"
103237,"11/9/2024",5,1,"P_041",
108102,"9/14/2025",5,3,,"107"
109126,"2026/13/40",20,4,"P_032","108"
100935,"5/13/2024",0,2,,"104"
103495,"2026/13/40",15,4,"P_027","103"
107847,"2026/13/40",5,3,"P_023","106"
108615,"11/2/2025",20,3,,"101"
102984,"10/13/2024",15,3,,"107"
106056,"5/27/2025",15,2,"P_011",
100937,"5/26/2024",5,5,,"103"
101194,"6/14/2024",15,5,,"106"
104778,"2/1/2025",150,2,"P_030","108"
105290,"3/1/2025",15,0,"P_010","105"
109386,"1/1/2026",150,4,"P_044","103"
102987,"2026/13/40",20,5,"P_040","103"
108619,"11/5/2025",150,4,"P_029","108"
109644,"1/29/2026",20,3,,"101"
104525,"1/18/2025",15,5,,"105"
105549,"4/13/2025",5,4,,"106"
106061,"5/20/2025",10,5,,"103"
106829,"7/9/2025",10,2,,"101"
108365,"10/18/2025",0,0,"P_031","105"
101710,"2026/13/40",15,5,"P_026","106"
102990,"10/30/2024",150,5,"P_048","107"
104526,"1/1/2025",0,2,"P_010",
100943,"2026/13/40",5,3,"P_037","106"
102480,"9/7/2024",5,5,,"101"
103505,"11/16/2024",5,3,,"108"
103761,"12/21/2024",20,4,,"107"
106833,"7/5/2025",150,5,"P_009","106"
109905,"2/9/2026",5,1,,"103"
100178,"2026/13/40",15,1,"P_049","103"
107602,"8/9/2025",150,5,"P_032","107"
105043,"2/27/2025",20,4,,"105"
107091,"7/11/2025",150,5,"P_045","107"
108371,"10/23/2025",10,1,,"108"
109651,"1/26/2026",10,0,"P_031","108"
101972,"8/16/2024",0,5,,"105"
106068,"5/13/2025",10,0,"P_029","102"
106068,"5/13/2025",10,2,,"106"
107860,"2026/13/40",0,3,"P_025","106"
108116,"9/26/2025",5,0,"P_022","101"
100949,"6/23/2024",5,5,,"104"
103509,"11/23/2024",15,4,,"102"
105301,"3/16/2025",0,5,"P_011",
107349,"8/12/2025",0,0,"P_033","105"
108117,"9/7/2025",5,1,,"103"
100438,"4/7/2024",20,0,"P_013","101"
105302,"2026/13/40",0,2,"P_012","105"
106582,"6/1/2025",10,1,"P_042",
107094,"2026/13/40",15,3,"P_036","106"
110166,"2/7/2026",10,3,"P_040",
100695,"5/31/2024",10,4,"P_017",
101463,"7/27/2024",0,5,,"103"
104023,"12/22/2024",20,4,"P_048",
107607,"8/10/2025",150,5,"P_015","107"
108887,"2026/13/40",10,3,"P_023","107"
109655,"1/13/2026",150,5,"P_018","102"
100185,"4/18/2024",20,3,,"106"
104793,"2026/13/40",0,5,"P_025","107"
106074,"5/28/2025",20,0,"P_012","106"
108890,"12/14/2025",5,3,,"106"
102747,"10/30/2024",0,4,"P_012",
105051,"3/25/2025",5,0,"P_032","101"
107355,"8/24/2025",5,2,"P_021",
104028,"12/8/2024",15,5,,"107"
105052,"3/1/2025",15,2,"P_039",
107868,"9/12/2025",0,2,"P_021",
104797,"2/20/2025",150,2,"P_025","105"
101470,"7/2/2024",15,3,,"106"
102238,"8/9/2024",5,2,"P_017",
102750,"10/28/2024",20,4,"P_036",
100191,"2026/13/40",15,3,"P_007","107"
100959,"2026/13/40",10,5,"P_001","108"
101215,"6/10/2024",5,5,,"107"
104543,"1/16/2025",0,3,"P_019",
106591,"6/30/2025",5,0,"P_048","101"
105056,"3/31/2025",20,1,,"104"
106848,"7/5/2025",20,0,"P_049","105"
107616,"2026/13/40",5,5,"P_030","106"
105569,"4/29/2025",0,0,"P_040","104"
106081,"2026/13/40",5,3,"P_037","106"
110178,"3/30/2026",0,0,"P_029","106"
101219,"6/12/2024",5,0,"P_047","104"
106596,"6/20/2025",15,1,,"103"
110436,"3/4/2026",10,2,,"108"
104549,"1/22/2025",10,0,"P_008","108"
106085,"5/1/2025",15,5,,"107"
109925,"2/27/2026",5,3,,"103"
106342,"5/30/2025",150,3,"P_041","101"
105831,"4/11/2025",150,2,"P_006","106"
102248,"8/10/2024",0,4,"P_038",
108904,"12/14/2025",0,0,"P_050","106"
109672,"2026/13/40",5,3,"P_005","101"
103529,"11/6/2024",0,0,"P_003","104"
105577,"4/28/2025",15,2,,"106"
107881,"9/11/2025",150,4,"P_008","107"
108649,"11/5/2025",0,0,"P_007","108"
109929,"2/7/2026",15,0,"P_002","105"
104298,"1/8/2025",5,4,,"104"
108138,"10/25/2025",15,1,,"104"
109930,"2/26/2026",10,1,,"105"
100971,"6/20/2024",0,0,"P_017","101"
101996,"8/10/2024",20,1,,"108"
104300,"1/10/2025",10,4,"P_015",
106092,"5/20/2025",5,4,"P_012",
109676,"1/11/2026",20,5,,"102"
102509,"2026/13/40",5,3,"P_019","101"
104557,"2/10/2025",10,1,"P_011",
104302,"1/8/2025",15,0,"P_018","103"
108142,"10/5/2025",5,3,"P_022",
109934,"2/5/2026",10,4,,"108"
103023,"10/18/2024",15,4,,"108"
109423,"2026/13/40",5,1,"P_039","102"
109423,"1/16/2026",0,1,,"104"
103792,"12/15/2024",150,2,"P_015","105"
105584,"4/22/2025",5,4,,"108"
108656,"2026/13/40",0,1,"P_044","106"
109424,"1/21/2026",20,0,"P_023","106"
103281,"11/28/2024",0,5,"P_016",
106097,"5/19/2025",10,4,,"106"
109681,"2/6/2026",5,1,,"101"
100722,"5/5/2024",0,0,"P_039","101"
103282,"2026/13/40",15,1,"P_020","107"
104306,"2026/13/40",15,4,"P_039","108"
104562,"2/16/2025",5,5,,"105"
106354,"2026/13/40",15,4,"P_002","101"
106354,"5/6/2025",150,1,"P_014","107"
107123,"7/2/2025",150,1,"P_032","105"
109939,"2/9/2026",15,4,,"106"
110195,"3/30/2026",20,0,"P_024","103"
100980,"6/3/2024",0,4,,"108"
106868,"7/24/2025",15,3,"P_047",
102773,"10/9/2024",150,3,"P_028","102"
106357,"5/1/2025",10,4,,"107"
109941,"2/6/2026",15,0,"P_003","101"
109941,"2/6/2026",20,1,,"106"
110453,"3/28/2026",5,0,"P_024","105"
104054,"12/15/2024",0,3,,"101"
105078,"3/26/2025",20,3,"P_043",
105846,"2026/13/40",5,5,"P_026","103"
106615,"6/25/2025",10,1,,"102"
104569,"2/5/2025",150,3,"P_006","103"
106361,"5/1/2025",0,0,"P_008","108"
109177,"2026/13/40",0,3,"P_049","107"
109433,"1/25/2026",5,0,"P_025","108"
102010,"8/23/2024",0,4,"P_047",
103290,"11/24/2024",0,2,,"104"
105082,"3/19/2025",5,4,"P_008",
105594,"4/6/2025",20,4,"P_045",
110202,"3/22/2026",20,5,,"108"
102523,"9/7/2024",150,2,"P_048","106"
106107,"5/5/2025",150,3,"P_016","105"
106107,"5/5/2025",10,5,"P_042",
108667,"11/13/2025",20,0,"P_010","104"
109947,"2/5/2026",150,3,"P_029","106"
103036,"10/27/2024",15,5,,"106"
104828,"2026/13/40",20,4,"P_007","101"
105852,"4/24/2025",150,2,"P_024","104"
107900,"9/7/2025",150,2,"P_023","106"
110461,"3/10/2026",150,5,"P_005","103"
100478,"2026/13/40",15,5,"P_021","106"
101758,"7/27/2024",15,1,"P_002","106"
102270,"8/26/2024",20,4,"P_050",
104830,"2/8/2025",0,4,"P_021","105"
105086,"3/3/2025",15,0,"P_008","101"
105342,"3/18/2025",150,2,"P_039","102"
106366,"5/3/2025",0,4,"P_012","103"
102015,"8/29/2024",150,4,"P_031","102"
106111,"5/13/2025",0,0,"P_003","108"
108159,"10/12/2025",150,4,"P_018","106"
108927,"12/25/2025",15,3,,"105"
109183,"2026/13/40",5,2,"P_047","101"
109439,"1/15/2026",5,2,"P_008",
107136,"7/19/2025",10,1,,"102"
109696,"2/26/2026",5,0,"P_012","105"
100225,"4/6/2024",5,3,,"102"
108417,"2026/13/40",5,1,"P_045","103"
110209,"3/4/2026",150,4,"P_027","104"
100482,"4/27/2024",20,5,,"107"
105346,"3/20/2025",5,0,"P_003","105"
105858,"2026/13/40",5,3,"P_010","105"
109698,"2026/13/40",5,5,"P_016","103"
103811,"12/30/2024",5,2,"P_022",
106371,"5/5/2025",150,5,"P_021","107"
108675,"2026/13/40",15,2,"P_041","106"
109187,"12/4/2025",10,0,"P_010","104"
101764,"7/28/2024",0,3,,"106"
103812,"12/21/2024",20,3,,"101"
104068,"1/11/2025",5,1,,"102"
107396,"8/26/2025",10,2,,"104"
100485,"4/22/2024",20,3,,"107"
103301,"2026/13/40",0,2,"P_032","104"
103557,"2026/13/40",15,5,"P_018","105"
108934,"12/14/2025",5,5,,"105"
100744,"5/25/2024",10,0,"P_011","107"
101256,"6/16/2024",0,0,"P_012","106"
107656,"9/11/2025",5,0,"P_032","104"
101001,"2026/13/40",20,2,"P_025","103"
104585,"2026/13/40",20,3,"P_049","103"
105865,"4/1/2025",10,0,"P_027","101"
104586,"2026/13/40",0,5,"P_014","104"
109194,"12/2/2025",150,3,"P_031","104"
109706,"2/17/2026",0,1,,"103"
101771,"7/4/2024",0,1,,"108"
102027,"8/29/2024",20,4,,"104"
102540,"9/19/2024",20,2,,"108"
107148,"7/19/2025",20,5,,"103"
108684,"11/28/2025",15,2,,"106"
106125,"5/24/2025",150,5,"P_011","105"
109709,"2/10/2026",5,4,,"108"
104846,"2/3/2025",15,2,,"101"
105358,"3/29/2025",15,4,,"108"
106382,"6/7/2025",20,1,"P_003",
100495,"5/27/2024",150,1,"P_010","103"
102031,"8/28/2024",15,5,,"103"
102543,"9/3/2024",150,5,"P_020","104"
107663,"9/4/2025",20,0,"P_024","104"
108431,"10/13/2025",0,0,"P_023","105"
102032,"8/19/2024",10,0,"P_017","104"
103824,"12/8/2024",20,5,,"103"
104080,"1/11/2025",15,2,"P_008",
105361,"2026/13/40",15,2,"P_011","107"
105873,"4/9/2025",10,5,,"104"
103058,"10/20/2024",5,0,"P_007","102"
104338,"1/27/2025",150,2,"P_024","102"
109970,"2026/13/40",0,5,"P_013","104"
100243,"4/14/2024",10,2,,"105"
101267,"6/7/2024",5,0,"P_019","101"
105875,"2026/13/40",5,3,"P_030","103"
106131,"5/29/2025",5,2,,"102"
107155,"7/24/2025",20,4,,"102"
103572,"11/25/2024",20,2,,"108"
105620,"4/29/2025",15,3,,"101"
107924,"9/19/2025",150,5,"P_031","108"
109972,"2/16/2026",10,4,,"102"
106645,"6/26/2025",10,0,"P_017","104"
108949,"12/4/2025",15,0,"P_007","104"
104854,"2026/13/40",20,2,"P_045","102"
107926,"2026/13/40",5,3,"P_011","107"
102295,"2026/13/40",0,4,"P_049","105"
106647,"6/7/2025",150,1,"P_038","107"
109463,"2026/13/40",15,5,"P_012","106"
101784,"2026/13/40",20,1,"P_016","107"
102040,"8/18/2024",150,1,"P_023","108"
102808,"10/16/2024",15,3,"P_049",
106137,"5/4/2025",15,4,"P_048",
106393,"6/14/2025",20,4,"P_034",
108185,"10/18/2025",10,1,"P_025",
108441,"10/27/2025",15,2,"P_027",
109721,"2/15/2026",20,3,,"106"
110233,"3/12/2026",5,0,"P_008","103"
101018,"6/3/2024",20,4,,"101"
106138,"5/8/2025",10,2,"P_047",
110490,"2026/13/40",15,2,"P_027","103"
110490,"3/23/2026",5,1,,"106"
102043,"8/20/2024",5,3,"P_027",
106395,"6/27/2025",15,4,,"108"
109979,"2026/13/40",0,4,"P_029","105"
109979,"2/5/2026",20,3,,"106"
100764,"2026/13/40",0,4,"P_026","101"
101788,"7/28/2024",5,1,"P_015",
104860,"2/19/2025",10,0,"P_034","107"
107676,"9/11/2025",10,2,"P_031",
102813,"10/9/2024",5,3,,"101"
103069,"10/1/2024",20,5,"P_041",
104861,"2026/13/40",10,4,"P_023","106"
109213,"12/25/2025",15,0,"P_013","101"
109469,"1/13/2026",10,5,,"108"
109725,"2026/13/40",0,4,"P_004","101"
101022,"6/26/2024",0,2,,"103"
101022,"6/26/2024",150,5,"P_023","106"
101022,"2026/13/40",20,1,"P_025","106"
109726,"2/27/2026",0,5,,"101"
100767,"5/8/2024",20,1,,"103"
105119,"3/26/2025",10,3,,"107"
104096,"1/4/2025",150,3,"P_043","101"
105632,"4/11/2025",0,4,"P_047",
102563,"2026/13/40",0,4,"P_007","102"
105635,"2026/13/40",15,2,"P_031","101"
101284,"6/3/2024",20,3,"P_028",
101796,"7/30/2024",150,1,"P_044","107"
103844,"12/26/2024",150,4,"P_036","102"
105380,"3/4/2025",20,0,"P_013","106"
101030,"6/19/2024",15,0,"P_013","105"
101286,"6/7/2024",5,4,"P_030",
102822,"10/21/2024",0,3,,"101"
104102,"1/26/2025",5,5,,"105"
104358,"1/28/2025",150,4,"P_036","101"
105638,"4/2/2025",0,4,"P_010",
101287,"6/21/2024",150,5,"P_033","107"
104871,"2/27/2025",5,5,,"102"
108967,"12/28/2025",5,1,"P_029",
109223,"12/3/2025",15,1,"P_024",
101800,"7/30/2024",150,2,"P_014","101"
107432,"8/5/2025",10,3,,"105"
108456,"10/22/2025",20,5,"P_019",
100777,"5/27/2024",0,4,,"102"
103337,"11/15/2024",15,4,"P_048",
104873,"2/1/2025",5,5,,"108"
105897,"2026/13/40",5,2,"P_046","104"
108457,"10/24/2025",0,3,,"104"
110505,"3/8/2026",5,5,,"108"
103850,"12/21/2024",20,0,"P_015","104"
106154,"5/23/2025",20,4,,"102"
103339,"2026/13/40",15,2,"P_007","102"
104875,"2/26/2025",150,2,"P_032","105"
105643,"4/28/2025",150,5,"P_019","107"
106411,"2026/13/40",15,2,"P_043","108"
103084,"10/10/2024",150,1,"P_035","103"
107436,"2026/13/40",15,5,"P_045","101"
108972,"12/21/2025",0,1,"P_031",
109740,"2/22/2026",15,2,,"108"
101293,"6/10/2024",20,2,,"103"
102829,"2026/13/40",15,5,"P_005","101"
105901,"5/26/2025",15,2,,"102"
102574,"9/2/2024",5,0,"P_030","104"
104623,"2026/13/40",20,4,"P_039","101"
106671,"6/19/2025",150,5,"P_031","101"
102320,"9/16/2024",5,4,"P_008",
107184,"7/14/2025",0,0,"P_017","101"
107184,"7/14/2025",5,5,"P_005",
110000,"2/9/2026",5,4,,"105"
100785,"5/18/2024",5,0,"P_015","107"
101042,"6/4/2024",150,3,"P_038","104"
104882,"2/16/2025",0,3,,"105"
108210,"10/31/2025",0,3,"P_041",
109746,"2026/13/40",20,5,"P_039","107"
100787,"2026/13/40",0,4,"P_015","102"
105395,"3/30/2025",10,3,"P_004",
101812,"7/22/2024",5,3,,"106"
103860,"12/26/2024",150,3,"P_044","108"
106932,"7/6/2025",5,4,,"107"
109236,"12/4/2025",0,0,"P_040","104"
109492,"1/17/2026",15,5,,"101"
100277,"4/4/2024",5,4,,"102"
102581,"9/1/2024",0,0,"P_010","104"
106677,"2026/13/40",15,3,"P_012","103"
102070,"8/26/2024",150,3,"P_007","104"
107190,"2026/13/40",5,3,"P_006","101"
108214,"10/3/2025",0,3,,"107"
109750,"2026/13/40",5,5,"P_027","104"
102071,"8/1/2024",5,1,,"104"
106935,"2026/13/40",20,5,"P_050","108"
110263,"3/21/2026",150,2,"P_012","107"
100024,"4/7/2024",10,5,"P_005",
101560,"7/30/2024",10,0,"P_035","106"
102328,"9/12/2024",150,2,"P_009","103"
104888,"2026/13/40",15,2,"P_009","105"
106424,"6/10/2025",150,1,"P_018","104"
107705,"9/6/2025",5,1,,"105"
100282,"2026/13/40",0,4,"P_005","103"
105146,"3/25/2025",15,3,"P_032",
105658,"4/10/2025",15,4,"P_016",
107195,"8/14/2025",10,1,,"105"
101309,"6/12/2024",15,0,"P_008","105"
105407,"3/22/2025",10,5,,"105"
110271,"3/20/2026",150,4,"P_036","108"
103360,"11/13/2024",5,5,"P_022",
109760,"2/5/2026",5,0,"P_006","104"
110272,"3/8/2026",15,2,,"101"
102081,"2026/13/40",5,4,"P_005","108"
104897,"2/22/2025",10,2,"P_031",
106177,"5/22/2025",150,5,"P_015","107"
106945,"7/15/2025",0,1,"P_026",
107457,"2026/13/40",10,5,"P_035","108"
108993,"12/7/2025",0,2,,"101"
102594,"2026/13/40",0,4,"P_001","108"
104642,"2/13/2025",5,0,"P_050","104"
109250,"12/23/2025",20,1,"P_029",
100035,"2026/13/40",15,5,"P_039","101"
103363,"11/30/2024",5,5,,"106"
105411,"3/23/2025",5,4,"P_003",
107715,"9/11/2025",0,3,"P_001",
101060,"6/6/2024",5,3,"P_024",
102852,"2026/13/40",5,4,"P_042","108"
107716,"9/5/2025",0,1,"P_047",
108740,"11/1/2025",20,1,,"103"
101061,"6/24/2024",150,2,"P_038","108"
101317,"6/29/2024",20,5,"P_007",
106438,"2026/13/40",15,1,"P_017","105"
104647,"2/13/2025",10,0,"P_015","105"
107975,"9/13/2025",10,0,"P_007","108"
110279,"3/23/2026",10,0,"P_016","105"
106440,"6/18/2025",20,1,,"107"
110280,"2026/13/40",20,4,"P_020","105"
101321,"6/3/2024",10,2,"P_030",
102601,"9/23/2024",0,0,"P_047","101"
104394,"1/29/2025",20,2,,"108"
109258,"12/26/2025",15,5,,"108"
106443,"6/2/2025",15,3,,"102"
108236,"2026/13/40",0,1,"P_033","104"
106701,"6/17/2025",0,4,"P_035",
102350,"9/9/2024",150,4,"P_039","101"
104142,"1/22/2025",10,0,"P_008","103"
104654,"2/20/2025",150,4,"P_047","104"
100559,"5/16/2024",5,3,,"108"
102351,"9/19/2024",150,4,"P_019","108"
107471,"8/20/2025",5,1,,"106"
100048,"4/12/2024",10,4,,"104"
100304,"4/4/2024",150,4,"P_045","104"
104144,"1/16/2025",10,5,"P_047",
106192,"2026/13/40",10,2,"P_004","101"
107472,"8/4/2025",0,4,"P_030",
108496,"11/27/2025",5,2,,"104"
100306,"4/28/2024",15,5,,"106"
100306,"4/28/2024",10,1,"P_019",
100818,"5/2/2024",15,0,"P_036","106"
104146,"1/4/2025",5,4,"P_044",
104914,"2/12/2025",10,3,,"106"
101587,"7/31/2024",5,0,"P_026","101"
100564,"5/22/2024",150,5,"P_039","102"
100820,"5/24/2024",15,0,"P_041","108"
101076,"6/30/2024",0,0,"P_032","108"
102100,"8/14/2024",0,4,"P_043",
102101,"8/25/2024",0,4,"P_010",
105429,"3/18/2025",150,2,"P_036","108"
106453,"6/29/2025",5,1,"P_049",
107733,"9/15/2025",150,1,"P_049","101"
108501,"11/2/2025",15,1,,"102"
101334,"6/4/2024",5,0,"P_028","101"
108502,"11/14/2025",15,1,,"104"
101079,"6/6/2024",15,3,"P_037",
104919,"2/18/2025",0,0,"P_010","108"
106967,"7/10/2025",15,5,,"108"
107991,"9/8/2025",0,0,"P_046","102"
103384,"11/15/2024",15,0,"P_015","102"
104920,"2026/13/40",10,5,"P_001","108"
106968,"7/31/2025",5,0,"P_043","101"
107224,"8/21/2025",15,4,,"103"
102361,"9/30/2024",0,1,,"107"
106201,"5/9/2025",150,3,"P_047","106"
108506,"11/17/2025",20,0,"P_017","101"
109530,"1/9/2026",150,4,"P_025","107"
100059,"4/10/2024",10,1,,"106"
101339,"6/15/2024",10,0,"P_021","105"
104411,"1/4/2025",0,4,,"108"
104667,"2/7/2025",15,3,"P_037",
103900,"12/13/2024",150,1,"P_023","102"
102109,"8/6/2024",5,3,"P_042",
103389,"11/12/2024",20,2,,"106"
104669,"2/13/2025",150,1,"P_036","102"
106717,"6/2/2025",150,1,"P_017","106"
102366,"9/8/2024",0,1,,"106"
104414,"1/5/2025",20,2,,"107"
106462,"2026/13/40",5,1,"P_049","105"
100575,"5/11/2024",10,3,"P_020",
102879,"10/4/2024",0,3,,"102"
104159,"1/12/2025",5,1,,"105"
107743,"9/6/2025",20,1,,"103"
108255,"10/5/2025",150,1,"P_039","107"
102112,"8/2/2024",20,0,"P_001","104"
107488,"8/30/2025",0,0,"P_049","108"
105185,"3/17/2025",15,1,"P_050",
104162,"1/13/2025",5,2,,"106"
105186,"3/29/2025",0,4,,"107"
108514,"11/27/2025",10,5,,"103"
105187,"2026/13/40",0,2,"P_046","108"
110051,"2026/13/40",5,4,"P_011","103"
100836,"5/7/2024",0,0,"P_001","106"
106980,"7/22/2025",150,4,"P_011","104"
108772,"11/14/2025",10,4,"P_035",
110564,"3/28/2026",150,5,"P_010","108"
102629,"10/3/2024",0,0,"P_039","107"
108517,"11/4/2025",150,3,"P_031","105"
101094,"6/27/2024",150,2,"P_029","106"
102374,"9/14/2024",15,2,,"106"
108774,"11/4/2025",15,4,,"106"
110310,"3/13/2026",10,2,,"105"
110567,"3/25/2026",150,4,"P_028","105"
100584,"2026/13/40",20,1,"P_047","101"
102888,"2026/13/40",20,2,"P_048","106"
109032,"12/30/2025",0,0,"P_045","106"
102633,"2026/13/40",5,5,"P_045","106"
107497,"2026/13/40",5,5,"P_014","105"
101098,"6/8/2024",15,5,,"108"
106474,"6/20/2025",5,0,"P_045","103"
110058,"2/23/2026",20,4,"P_046",
100331,"4/27/2024",0,0,"P_049","102"
100843,"2026/13/40",15,2,"P_019","108"
103147,"2026/13/40",5,1,"P_023","104"
105451,"3/27/2025",10,4,,"107"
105963,"5/8/2025",20,1,"P_046",
109291,"12/7/2025",5,1,"P_018",
109803,"2/22/2026",0,2,"P_001",
100332,"4/3/2024",5,1,,"108"
102124,"2026/13/40",20,3,"P_022","105"
103660,"12/25/2024",15,4,"P_033",
101101,"2026/13/40",20,1,"P_049","107"
105197,"3/24/2025",20,0,"P_009","101"
106733,"6/28/2025",5,5,,"107"
108781,"11/2/2025",20,5,,"105"
100846,"5/5/2024",5,3,,"103"
102638,"10/31/2024",10,1,,"105"
104942,"2/15/2025",15,3,"P_033",
100591,"5/31/2024",10,2,"P_038",
100847,"5/21/2024",20,2,,"106"
102895,"10/11/2024",20,5,,"104"
106991,"7/22/2025",0,3,,"104"
108015,"9/21/2025",20,1,"P_015",
109039,"12/13/2025",5,1,,"108"
101616,"7/2/2024",150,3,"P_046","106"
105456,"3/10/2025",0,2,"P_041",
101873,"8/26/2024",0,0,"P_010","105"
102641,"2026/13/40",15,3,"P_029","104"
107505,"8/17/2025",150,5,"P_030","102"
109809,"2026/13/40",20,2,"P_013","107"
100850,"5/17/2024",0,0,"P_031","103"
103410,"11/29/2024",0,2,,"108"
104435,"1/28/2025",150,3,"P_007","103"
109811,"2/4/2026",5,1,,"107"
100852,"5/19/2024",5,1,"P_012",
104692,"2/2/2025",5,1,,"105"
105716,"4/28/2025",20,0,"P_022","104"
105972,"2026/13/40",0,1,"P_039","101"
108020,"9/13/2025",0,5,,"107"
109044,"12/8/2025",20,0,"P_014","106"
102645,"2026/13/40",15,5,"P_033","106"
107253,"2026/13/40",5,1,"P_045","101"
107766,"9/12/2025",10,4,,"103"
108278,"10/16/2025",10,0,"P_044","102"
100599,"5/25/2024",15,3,,"105"
110327,"2026/13/40",5,4,"P_032","108"
103928,"12/6/2024",150,2,"P_042","106"
104184,"1/18/2025",0,2,"P_003",
106744,"6/3/2025",15,2,,"108"
108792,"11/26/2025",0,3,"P_030",
109560,"1/16/2026",0,4,,"105"
101113,"6/13/2024",10,1,"P_002",
101881,"8/26/2024",0,2,,"101"
102137,"8/15/2024",5,2,,"102"
104697,"2026/13/40",10,5,"P_040","103"
100602,"5/25/2024",5,5,,"107"
105979,"5/15/2025",5,4,"P_031","107"
106235,"5/22/2025",10,0,"P_046","101"
107003,"2026/13/40",10,2,"P_007","107"
108283,"10/23/2025",15,3,,"108"
109819,"2/15/2026",5,3,,"103"
100862,"5/23/2024",150,5,"P_040","102"
104446,"2026/13/40",5,2,"P_028","108"
107518,"8/9/2025",150,3,"P_018","108"
107518,"8/9/2025",0,5,"P_037",
109822,"2026/13/40",0,4,"P_029","101"
110078,"2/23/2026",0,4,"P_039",
100095,"2026/13/40",10,4,"P_014","105"
101631,"7/30/2024",20,5,"P_006",
103679,"2026/13/40",10,3,"P_042","101"
